{"userId":"6333be9d09f487674e3ac6b8","knowledgebaseId":"6333be9d09f487674e3ac6b8","name":"Kurtis Ng","exportDate":"2023-02-08T19:10:12.676Z","exportVersion":1,"documentRemToExportId":"0smNSTkUyR9E3c2dN","docs":[{"m":1664335525143,"key":"hasMigratedAccountV19","value":true,"v":4,"_id":"2mPGthXbrLSSOzRhu","o":1670241631207,"z":1,"owner":"6333be9d09f487674e3ac6b8"},{"m":1664335525152,"key":"hasMigratedAccountV23","value":true,"v":4,"_id":"8DR8Yltl7JUqJ7FL3","o":1670241631207,"z":1,"owner":"6333be9d09f487674e3ac6b8"},{"m":1664335524094,"key":"timeInQueueToday","value":0,"v":4,"_id":"9OSXVzT5Sk9xvCZ2n","o":1675875895904,"z":1,"owner":"6333be9d09f487674e3ac6b8","value,u":1675875895904,"u":1675875895904,"p":1675875895904},{"m":1664335525212,"key":"legacyRemMigrationsCompleted","value":true,"v":4,"_id":"9oI290eiT8TccvXwj","o":1670241631207,"z":1,"owner":"6333be9d09f487674e3ac6b8"},{"m":1664335525149,"key":"hasMigratedAccountV21","value":true,"v":4,"_id":"D6EeTgLSq5velbJjP","o":1670241631207,"z":1,"owner":"6333be9d09f487674e3ac6b8"},{"m":1664335524095,"key":"numberOfActionsInQueueToday","value":0,"v":4,"_id":"DfieMtl1ICdueXVZO","o":1675875883812,"z":1,"owner":"6333be9d09f487674e3ac6b8","value,u":1675875883812,"u":1675875883812,"p":1675875883812},{"key":"recentlyOpenedDocuments","_id":"GSrpCJr9eztUAS3bB","o":1675793990886,"m":1673656400511,"u":1675793990886,"p":1675793990886,"z":1,"owner":"6333be9d09f487674e3ac6b8","value":["bK6rABZkM5NGZAzmH","36qPtsuaB9foo3p90","1D1LlOwLBJWeJ7ZeW","tijcjsKlElxnRKJGx"],"value,u":1675793990886},{"m":1664459775928,"key":"recentlyPracticedFolders","value":["1D1LlOwLBJWeJ7ZeW","36qPtsuaB9foo3p90","bJjkr71t6cexgcoLL","aBuIikKejxX5A9lsY","v6yZ82G2csmAsTA6a","0smNSTkUyR9E3c2dN","RVxoQ7IpKEiuyu35h","7flF5qwSfXok7QlTQ","L8Ldz0kizvjevgFq5","n1y7JuRrz4L6YYF3e"],"v":4,"_id":"I3DTjACiJNiVk4ria","o":1675783420276,"z":1,"owner":"6333be9d09f487674e3ac6b8","value,u":1675783420276,"u":1675783420276,"p":1675783420276},{"m":1664335525174,"key":"hasMigratedAccountV26","value":true,"v":4,"_id":"RtVey3TagMOq8jCII","o":1670241631207,"z":1,"owner":"6333be9d09f487674e3ac6b8"},{"m":1664335525155,"key":"hasMigratedAccountV25","value":true,"v":4,"_id":"SXvuhYRKliaxYFSqI","o":1670241631207,"z":1,"owner":"6333be9d09f487674e3ac6b8"},{"m":1664335524099,"key":"numberOfActionsInQueueToday.bucket","value":"Wed Feb 08 2023","v":4,"_id":"TvD7FlOTiUyI2QyDV","o":1675875883812,"z":1,"owner":"6333be9d09f487674e3ac6b8","value,u":1675875883812,"u":1675875883812,"p":1675875883812},{"m":1664335525175,"key":"hasMigratedAccountV29","value":true,"v":4,"_id":"YXn178FzqKxorEbY2","o":1670241631207,"z":1,"owner":"6333be9d09f487674e3ac6b8"},{"m":1664335525153,"key":"hasMigratedAccountV24","value":true,"v":4,"_id":"YZEcWUIf50uMDNiSK","o":1670241631207,"z":1,"owner":"6333be9d09f487674e3ac6b8"},{"m":1664335525113,"key":"refreshSidebarToFixRemNote1Point6Update","value":true,"v":4,"_id":"cd5XRrirWf36ulRQT","o":1670241631207,"z":1,"owner":"6333be9d09f487674e3ac6b8"},{"m":1666643706064,"key":"hasMigratedAccountV33","value":true,"v":4,"_id":"evhoLFMQEtarqgtJZ","o":1670241631207,"z":1,"owner":"6333be9d09f487674e3ac6b8"},{"m":1664335525190,"key":"hasMigratedAccountV31","value":true,"v":4,"_id":"g949KDP9MKUOk0Hc0","o":1670241631207,"z":1,"owner":"6333be9d09f487674e3ac6b8"},{"m":1664335525149,"key":"hasMigratedAccountV20","value":true,"v":4,"_id":"iWFHFPqIZp6VLB8yp","o":1670241631207,"z":1,"owner":"6333be9d09f487674e3ac6b8"},{"m":1664335525175,"key":"hasMigratedAccountV28","value":true,"v":4,"_id":"iXl5WgvZzBmIidpcV","o":1670241631207,"z":1,"owner":"6333be9d09f487674e3ac6b8"},{"m":1664335525151,"key":"hasMigratedAccountV22","value":true,"v":4,"_id":"poxufG6KRIFi0gkzv","o":1670241631207,"z":1,"owner":"6333be9d09f487674e3ac6b8"},{"m":1664335525191,"key":"hasMigratedAccountV32","value":true,"v":4,"_id":"qQlGimbWILeIYCACF","o":1670241631207,"z":1,"owner":"6333be9d09f487674e3ac6b8"},{"m":1664335525110,"key":"migradeDarkModeToDropdown","value":true,"v":4,"_id":"rPJ8DfdQ49vhQJkoS","o":1670241631207,"z":1,"owner":"6333be9d09f487674e3ac6b8"},{"m":1664335525175,"key":"hasMigratedAccountV27","value":true,"v":4,"_id":"ryxs7gUBQgFSCEF6b","o":1670241631207,"z":1,"owner":"6333be9d09f487674e3ac6b8"},{"m":1664335525190,"key":"hasMigratedAccountV30","value":true,"v":4,"_id":"zDOLggd8dob7gEsaN","o":1670241631207,"z":1,"owner":"6333be9d09f487674e3ac6b8"},{"m":1664335524098,"key":"timeInQueueToday.bucket","value":"Wed Feb 08 2023","v":4,"_id":"zpIAL1qB1SdNortou","o":1675875895905,"z":1,"owner":"6333be9d09f487674e3ac6b8","value,u":1675875895905,"u":1675875895905,"p":1675875895905}]}