{"userId":"6333be9d09f487674e3ac6b8","knowledgebaseId":"6333be9d09f487674e3ac6b8","name":"Kurtis Ng","exportDate":"2023-02-08T19:10:12.670Z","exportVersion":1,"documentRemToExportId":"0smNSTkUyR9E3c2dN","docs":[{"m":1664933469046,"createdAt":1664933469045,"n":"Short Study ","st":"default","ift":"1, 2","eb":1.3,"se":2.25,"lfs":"0, 1, 4","ei":4,"lni":0.1,"im":1,"md":1825,"_id":"cNkn35yiYxRlLrUhf","o":1670241631181,"z":1,"owner":"6333be9d09f487674e3ac6b8"},{"m":1664933456269,"createdAt":1664933456269,"n":"","st":"default","ift":"1, 2","eb":1.3,"se":2.3,"lfs":"0, 1, 4","ei":4,"lni":0.1,"im":1,"md":1825,"_id":"gTYVbZkUybcX8oSFL","o":1670241631181,"z":1,"owner":"6333be9d09f487674e3ac6b8"}]}