{"userId":"6333be9d09f487674e3ac6b8","knowledgebaseId":"6333be9d09f487674e3ac6b8","name":"Kurtis Ng","exportDate":"2023-02-08T19:14:30.787Z","exportVersion":1,"documentRemToExportId":"v6yZ82G2csmAsTA6a","docs":[{"key":"cramQueue.finishedCards.nWrQaUs8q70qAbmlh","_id":"30g5QTaXbvWXcNMYo","o":1670949979102,"m":1670778061159,"u":1670949979102,"z":1,"owner":"browser","value":["3vmUoSiWZTnBBbjXg","BUCAoiT3axHlX5iE4","PhqCpq41p387zyd0e","c50ZxRWbjbRs1Z4SP","hozDOcQe8bdmDUF1Q","ZSErHcKkU2Ko2y6RV","7RwoamopbWYk2cB90","oUiNchWtQ94QRGXdG","zvX5Uv69lCtxge6Mg","9rZO2chcKEeRC1jup","JeeAy8vAyotYk710j","B60S3ID2yMGlynxFZ","jnVOUifS7rFZIGX7p","J1Wo3AAIoyjbfqo2W","3EMLE4xuwyZpQ8CVr","ScJRDrQSOdqCy7WoE","mFwqobuy5PwEpccW0","5KuAJ58imYCpsg4Cl","CgC8nQoitoPATxC76","vD7EPV7FkJN1iXJt8","1jO4ZaJKOH0dhnQKw","ggBpNB0t0S4w5h44z","LwJQQMGV7gHICw2ts","L1D748kf2xw6nxW2J","6aeNmFeFYytUcdB9Z","Bub8nFL4jm0Tx6JQi","B0GudBeTRt3mTmimQ","tsyRSh3WXDATKKRp9","LZhEIsYcluPJsmR3X","Z001Wlkxk33g8mAb7","lt1AfJy59syCDKnHe","Iom4ZWoznfSBIU7d1","kaWnyBUwrTkgXVlbQ","ihShc9QP7hx21H5dH","1ZETmmJpiAUWrbe2C","eCtPZru1vfEh0jKov","3vmUoSiWZTnBBbjXg","7cfxHTUnoWsgHPdEn","YR9J77E40O97ShnT2","va6rgSAf1276304JG","G35EWRKfxchmYj9it",null,"MvOclFZKvYAR7rVmW","oxUNUpimebWoBt2iv","Z48VxiYQdXY8sZ1vM","XJrdWriXWiAYjQbsu","ZSErHcKkU2Ko2y6RV",null,"jWKK5KgxxNLlRNVSe","6R8AdBOUIyLPHgzAg","jBvbijLmN9KdP4KXU","cWFyN8qQa4H1miH7g","Bg08imSj2ITL6TcjU","jLPWwvPiI3Y5p2PWz","ScJRDrQSOdqCy7WoE","QF1kwKfn9arxodn4J","YzROMSNU38NaaCP7K","dqn15aJI8mcS6mLUj","p0ZIlG420D3qwHMy1","kpjTfgMUGhS2mIZ8c","V3PAp6W9aUDsvPyjf","GG8CioMLARaumCJet","5QK8wureUXLnZVSa2","1AHeFS7695LPH1RTs","1VfWTmrfyhcyUrPgI","UPI83nZwliCBO2PCK","xBAKCMSHmorhqqJ5D","vsB2K1425HGbfpO4X","VNN7PakisCWjpLceh","XPoiu5oWD2oQst2ou","h91kNXi74lQbv7fnE","zBo7sqEUT6nRqlYdw",null,"mFwqobuy5PwEpccW0","5zRgQJxBtLwoz8ATa","wB83EgPVLObEhVc6j","PjCxzmqrWT8kPKQyx","62CYMZLNKGNpQUuFD","AqxnYVpj5mh4Sfljt","ggBpNB0t0S4w5h44z","7RwoamopbWYk2cB90","yUuM6qpuLXV6i5XL4","kVxKiJZNjxqjOWY1m","HecZewCY6uAPJo5tM","4LU2DPcZyvAeQ3pCW","Q2vxGAh863W86iPcs","1TRBPmmnLwvNkE1UG","Iom4ZWoznfSBIU7d1","SupDgyQ3k4zf6zvhG","B0GudBeTRt3mTmimQ","7pn34NCzucLYXGRAe","eJRsUnwQArmdKlavN","hozDOcQe8bdmDUF1Q","X3FWBH7JW1wzxyfbd","o4TMpO0RTcqzjCpok","IxQB9lsXUacFisaS7","J5aIa4kyaBI9IySDI","rHgN6hGJkzdq4VyII","rlQELZf8BWTzuJiA2","59CZqat4wBhzkCwRR","4GAODBqvNfu81mmc7","0QHqME9NAaacPxG79","dl9DPIAThVKRnyQTo","YFCfJFHSpLAQWjZKf","YFCfJFHSpLAQWjZKf","18BmO18GaSGTgc4YX","L1D748kf2xw6nxW2J","emnwvvK06cC97UAdy","aebS8QKv3cTX5IUcw","sLZyNAHz7myXLgr5f","nblCt6LUkDcxl7UZo","kbXrcj1WGtCafG16M","WdIhhfPYlUOXBxFJ7","FmPVAloveDL6uKJE2","DNNOXrIimQypdGwpu","XPoiu5oWD2oQst2ou","BO8TNOAExLnLOXnao","mfnHNHuOK6yOFtbdq","D27219Vjpjz1DCtMb","tsyRSh3WXDATKKRp9","e5Hs42YHzezgL2OQ7","QORCfs4QHuvkQLWaU","h91kNXi74lQbv7fnE","TrvSillsTqLCCtWgD","8YBCGZi0ssapi2hRg","ZF1weGnNS0GhDfp4r","J4GGeSEbIChRvunq4","A5umdbAHuU9dQQacX","JZoPkQXYOFL0Y2rZa"],"value,u":1670949979102},{"key":"cramQueue.finishedCards.36qPtsuaB9foo3p90","_id":"4ARyXsuJcgClN120b","o":1675122891197,"m":1673539299510,"u":1675122891197,"z":1,"owner":"browser","value":["XCcJDPT8zuuErhZ17","J4GGeSEbIChRvunq4","QA8f7mmzp1jTszVYo","PTWVR4csLg4h4HRxL","k6BpwDkDKMNCiesCS","q97WpmHdc3YjqUh4K","63nc4QujnkQtPme1G","rwcMoqexwvlMaAIFb","FmPVAloveDL6uKJE2","SRnbbgrTrKrcJjkut","h91kNXi74lQbv7fnE","X442QAmj1D8GtGJam","ENIq3xiBKQlQplfFn","gz0eKnITdt0EJIC4v","gNlJqrneVHSJ8hUjA","eQ0yHHctYxu0GlSL2","5zcxZtacCPepnyL52","dXI1Lr0pr0YHBtMrA","B0GudBeTRt3mTmimQ","H1OG3T5Y93364O2Hf","KKBZFbHSjKjxpH5cf","Q9jnPMyBqIjqWjWG8","8SnY8AngjPFSk43DD","eWwQxSE9wDx7JEAD0","lylJ0GrAZnx81pDKC","rmLHkg9lDk4KFnfNl","FvCzPqe4arWERhAiU","3l92EgQC1cN657NJ2","k6BpwDkDKMNCiesCS","dzMNEK4q5YRZ2U1Gu","icnEzfXfoHLqJMDS0","UhTS1sHeu15dfA0Ab","QAx0OYsVvxJzHrcId","zhsijN9yNfc5lAu99","nfh4aWHZiRLw5opfR","ohCAdTgnDA0Vh9wLu",null,"QNiDQ81hlX73xkiEP","P5mFRvPe11cem4hpg","wI0E8NtOzlCmEDjQt","3OTWZvSIUiAFT3lpu","0QHqME9NAaacPxG79","ZQ5Va2W2OGZchpgbA","eIKze0iQojgVYOhQb","1TRBPmmnLwvNkE1UG","IxQB9lsXUacFisaS7","dl9DPIAThVKRnyQTo","WtRJiwzvCsrReuCxw","6JZCQN5KpQl754CjA","tsyRSh3WXDATKKRp9"],"value,u":1675122891197},{"key":"cramQueue.finishedCards.7flF5qwSfXok7QlTQ","_id":"5SPO1t7vJr5P0BdzI","o":1674673340359,"m":1674672675504,"u":1674673340359,"z":1,"owner":"browser","value":["uOmSviKueeTbNVOXs","KBzyCuZVXcSINkrh2","jixFJjgfSYWSHUH3j","rr3DS5hKlA5rYMZSh","sjYbZwEgyNr3cGF6y","kuMBTfHycPonCSlvD","5Rxw9cKPz12jBVJSd","rA5OZs5C9Zm1DD7jr","E6LM5IMHyYrPF7fjN","ZWj4mV83ySs8gi0uQ","DYTDV98OIHCf7CRsH","TxMCAPkPHsjns4Lq3","bPhOeJ13h35NNxDIo","pBImREEJZOvjYpRjn","OpuRnJcHhJHIO7i16","rompBxnQ1ucMJrARw","pzir0dodzHMdz3Nt6","rflolyuq8Z6jLss98","D7Zw1VORSjLwzbSsa","Bjj4cMie7WaCqadju","Sg7YgCoMClNspsERk","FfA3TCfxbmTL2dnkv"],"value,u":1674673340359},{"key":"cramQueue.finishedCards.EkTKcOUvMtcYOXZ9d","_id":"7Sv9aKzl1XHh2ZUbN","o":1670347234303,"m":1670347070738,"u":1670347234303,"z":1,"owner":"browser","value":["o95dnc8abEmVMbfMD","eVgc3h4TK1W0yNtnL","iWQpODwjphrjKPah4","DNNOXrIimQypdGwpu","kAKHvTqSr0EL1qMYZ","P5mFRvPe11cem4hpg","Qgsl4JKde3OM1Fy5E"],"value,u":1670347234303},{"key":"queue.height","_id":"9EWWDheyvuP1LmKEw","o":1670342014272,"m":1670342014272,"u":1670342014272,"z":1,"owner":"browser","value":580,"value,u":1670342014272},{"key":"cramQueue.finishedCards.1D1LlOwLBJWeJ7ZeW","_id":"Bc6uTgLX4vBv335kg","o":1675783420277,"m":1675783420276,"u":1675783420277,"z":1,"owner":"browser","value":["UEe8vMxdPdN9CEj7t"],"value,u":1675783420277},{"key":"cramQueue.finishedCards.v6yZ82G2csmAsTA6a","_id":"Bop2PlDxzCkzrQRPI","o":1675046028904,"m":1674576240191,"u":1675046028904,"z":1,"owner":"browser","value":["4lXtHYOTaLMvowjKg","Iqmm7kvKQqDA5K1Qo","jGLL0f1evpEhRrwu3",null,"llZyOeSAXxGssWVhU","Und9bCBE0QyxQ8QLa","G7c0lApGdAab9brDW","M5I8xRB42vK9m9jEm","3x8vScWyuHleYZchz","wy1R99GUapsoxplVW","z2Mi5KyVj946dcOHz","HvcRIbvntD2jhZBPy","huIFUmaVo4659v2F0","lxnbcZ4NehJhZ35dR","jMN54XbF7ftE3ts1J","fBVFisMzWX7tlKPX8","S3p3241IkaYsEo8A7","nAGRVMQKfHCIPrn1C","jAlpRujaKqqZNqvRG","yfNyMYuG4lNdeNScX","u4uvR9cvrDJGky7Ym","Tyi8R611wtAEz154b","x89tvFNKCvnOcUOGU","zM6wewq1thaFCBDCF","bd8jKez0gVF4RH8aH","3TOJ4yVn9whVX4Pb9","PYO3RUSqnZ6bgYIbD","9eVXnSbZEfwNu2uOt","kZerAWpVV4kWJL8Xy","ogd51734XkGrQlDaI","FwxC26swMnrlM2tIg","zN6Z4V4NJyuXDQWVA","hwZE1Y2bCDNFz1poD","TF0tLylrGtk6JvFwN","dlGA9HGIygZqpIAFY","kegnp53lM9a7ghgZj",null,"4lXtHYOTaLMvowjKg","ZKw3cvVMbHJ9iotAG","pZWhsEDjqjmxQ1vko","YDzUTbG9LhnJfBOSG","zHH0M3B9YWUra9V7x","oDnIiFulcn9kLOM6A","wsSegrpJGikUjjZc8","wPerq9dPpkje6ansU","EOaHk9NPArnlKe0xz","kGqN0ynASywHx5SIA","uWqEEmhvoc4LgR3JM","V88L4A5cmqPrUjor6","SyRXpzrydjhDknwcq","4ZR5JGQv4s6wT9DH7","sYvOUqR2MoHw9SzSW","Gavr0QVDl9RRKAYKB","BjW9sX6dErnhTTs50","GQU8vaPf2aTRBfjT6","vGoathObQQJSeYyFh","pqYwvvvk3503atL8w","8sCqptU0YHpuuyKEY","SATqeO2cDWRtTVVHg","5F9FndYSUXs8RPyCK","4YjO0pGuO1gNcnlWc","J0sXYNZsKVxyWnggO","cRI7MRBABKeoMUWxC","NBRU9LtfsFVsNqrsI","g7OBHiM4LmoPECZIN","mM1Ez37btrUtxNZ0T","kBsgeNEgeQsUb6Nku",null],"value,u":1675046028904},{"key":"showKeyboardShortcuts","_id":"DEFznSSZ8hRiEfhZc","o":1675791546247,"m":1675791543870,"u":1675791546247,"z":1,"owner":"browser","value":false,"value,u":1675791546247},{"key":"queue.width","_id":"EZeMP7LMrayqjQHkF","o":1670342014271,"m":1670342014270,"u":1670342014271,"z":1,"owner":"browser","value":940,"value,u":1670342014271},{"key":"previousZoomFactor","_id":"L1mTgxWxzZEC2iUQJ","o":1675869610189,"m":1670271669641,"u":1675869610189,"z":1,"owner":"browser","value":0.9128709291752769,"value,u":1675869610189},{"key":"cramQueue.finishedCards.L8Ldz0kizvjevgFq5","_id":"MNbewVnz35JI6RVHS","o":1674580639758,"m":1674580618109,"u":1674580639758,"z":1,"owner":"browser","value":["3ykurSPYlVGSsfCS0","kboncTejtiDtZ8sQn"],"value,u":1674580639758},{"key":"activeLessonIdentifier","_id":"NnSATwF7ythwtZmfA","o":1670241622402,"m":1670241622402,"u":1670241622402,"z":1,"owner":"browser","value":"createBasicList","value,u":1670241622402},{"key":"lastCheckedPluginsForUpdate","_id":"PHTa446OKd1vrqFto","o":1675875895904,"m":1670241622401,"u":1675875895904,"z":1,"owner":"browser","value":1675875895903,"value,u":1675875895904},{"key":"cramQueue.finishedCards.0smNSTkUyR9E3c2dN","_id":"QyxcG2GuXHXGVwaHq","o":1674956658886,"m":1674956616234,"u":1674956658886,"z":1,"owner":"browser","value":["iGp18msw7bQNPMWqb","AKo5Q0Cyooswq37C9","MpFHH6q18Cld8IewN","pkojK7qmk08KUm8Fl","0bzVMZqBwzG9pbNtm"],"value,u":1674956658886},{"key":"migrated1Point8ImagesAgain","_id":"XClshDgmwIPodp9yK","o":1670241629700,"m":1670241629700,"u":1670241629700,"z":1,"owner":"browser","value":true,"value,u":1670241629700},{"key":"redirectOnLogin","_id":"XTHxsGZIjun3ZLure","o":1670241629700,"m":1670241629699,"u":1670241629700,"z":1,"owner":"browser","value":null,"value,u":1670241629700},{"key":"clipboardKnowledgeBaseId","_id":"XmGJHKom6yV5q4kzm","o":1675797628889,"m":1670272263409,"u":1675797628889,"z":1,"owner":"browser","value":null,"value,u":1675797628889},{"key":"finishedTransitionFromGuestMode","_id":"YfBUdvCkaQ9Yx6HpF","o":1670241633869,"m":1670241633868,"u":1670241633869,"z":1,"owner":"browser","value":true,"value,u":1670241633869},{"key":"clipboardRems","_id":"YxeRq9B0xvhcsHlY3","o":1675797628888,"m":1670272263408,"u":1675797628888,"z":1,"owner":"browser","value":null,"value,u":1675797628888},{"key":"newDarkMode","_id":"eITUtx8aBWGaCIR1M","o":1670272242333,"m":1670241622664,"u":1670272242333,"z":1,"owner":"browser","value":"system","value,u":1670272242333},{"key":"analytics.eventLastSentRecord","_id":"ifH72K94XJeUq5biX","o":1675883375570,"m":1670854826154,"u":1675883375570,"z":1,"owner":"browser","value":{"All Notes Opened":"2023-02-08T18:43:48.584Z","visitWebsite":"2023-02-08T17:04:55.905Z","Zoom Into Rem":"2023-02-08T17:30:40.079Z","Outliner Feature Used":"2023-02-08T17:30:40.101Z","createRemWithEnter":"2023-02-08T16:58:55.539Z","createRem":"2023-02-08T16:58:55.727Z","indentRem":"2023-02-08T16:59:06.330Z","editRemText":"2023-02-08T16:58:55.829Z","Rem Children Expanded":"2023-02-08T16:59:07.712Z","editHeaderRemText":"2023-02-08T16:58:59.338Z","Slash Menu Opened":"2023-02-08T16:58:55.803Z","Rem Turned Into Header":"2023-02-08T16:58:58.598Z","createCard.v2":"2023-02-08T17:11:03.141Z","changeRemValue":"2023-02-08T17:11:04.376Z","Flashcard Preview Opened":"2023-01-28T16:29:45.853Z","viewCard":"2023-01-28T16:29:45.853Z","Rem Children Collapsed":"2023-02-08T16:58:54.904Z","Settings Opened":"2023-02-07T15:26:00.042Z","ViewedSubscriptionPage":"2023-01-30T02:10:03.626Z","flashcardsPage":"2023-02-07T15:23:35.301Z","viewCardInQueue":"2023-02-07T15:23:35.302Z","openedFolderQueue":"2023-02-07T15:23:37.856Z","viewCardInQueueShowAnswer":"2023-02-07T15:23:37.926Z","flashcardRatingButtonShortcut":"2023-02-07T15:23:40.249Z","viewCardInQueueGiveFeedback.v2":"2023-02-07T15:23:40.277Z","flashcardEditNowShortuct":"2023-01-30T23:21:35.727Z","flashcardGoBackShortuct":"2022-12-13T16:32:27.604Z","flashcardsDelimiter":"2023-02-08T17:11:03.140Z","Sidebar Toggled":"2023-02-07T15:23:45.755Z","createDocumentFromSidebar":"2023-01-06T17:01:36.692Z","Document Created":"2023-01-06T17:01:36.693Z","createDoc":"2023-01-06T17:01:36.777Z","titleDoc":"2023-02-08T19:09:35.570Z","Command Omnibar Opened":"2023-02-07T17:40:27.860Z","Todays Document Created Or Opened":"2023-01-27T23:35:15.420Z","Find Text In Document":"2023-01-30T17:47:05.592Z","CreateTodo":"2023-01-16T16:36:01.944Z","toggleTodoStatusShortcut":"2023-01-17T02:41:21.491Z","Data Exported":"2023-02-08T18:45:12.974Z","clickReference":"2023-01-16T01:40:35.581Z","swapUpDownShortcut":"2023-02-08T17:30:16.328Z","Rem Document Status Toggled":"2023-02-06T18:33:45.518Z"},"value,u":1675883375570},{"key":"sidebarWidth","_id":"ktksgJf5XGtKfBQWV","o":1670817122851,"m":1670817122851,"u":1670817122851,"z":1,"owner":"browser","value":300,"value,u":1670817122851},{"key":"collapseSidebar","_id":"mK615LQN0wraFxy5u","o":1675783777150,"m":1670272108704,"u":1675783777150,"z":1,"owner":"browser","value":true,"value,u":1675783777150},{"key":"cramQueue.finishedCards.bJjkr71t6cexgcoLL","_id":"pU2xC3q2bX8YVn2jt","o":1675132651741,"m":1674233030496,"u":1675132651741,"z":1,"owner":"browser","value":["OtLov9jdZr1FSeeG3","myjPp4JEHvRLJUm36","Z5rHJe8TI6GBkcJiu","7mzHLhvqf58PU9jFq","70NLW7R9x6qrvOCNr","ki5x4MghGOEhYz5rs"],"value,u":1675132651741},{"key":"deviceId","_id":"qVs1QoCyDssOMzz45","o":1670241629698,"m":1670241629698,"u":1670241629698,"z":1,"owner":"browser","value":"9372216612758797","value,u":1670241629698},{"key":"collapsePluginSidebar","_id":"rPTB9MH2UjB8kbeJF","o":1675791543870,"m":1675791543870,"u":1675791543870,"z":1,"owner":"browser","value":false,"value,u":1675791543870},{"key":"clipboardPortalId","_id":"tC49gbDxPmTehNxWj","o":1675797628888,"m":1670272263409,"u":1675797628888,"z":1,"owner":"browser","value":null,"value,u":1675797628888},{"key":"cramQueue.finishedCards.aBuIikKejxX5A9lsY","_id":"yAgfuivC64mm2FCfL","o":1675121625643,"m":1675121128102,"u":1675121625643,"z":1,"owner":"browser","value":["atbQjsMYnTN1Y9z2l","y5TBqWz5yIrXQJv7U","XW19UM0rJDwRbbqHZ","rGDrbhREid7PswB3q","8i5wsAJqnpgoZHHwp","P8Z1Sv5jgiBfQIFPk","m4N1A20Avj55n83YH","WgdKVKXXnfVnVZiUu","2G3gkGuG9OthA7261"],"value,u":1675121625643},{"key":"cramQueue.finishedCards.Gxs8maKxa3IqVEJce","_id":"ymbQSPkYhwKIspuCq","o":1671547024547,"m":1670301338184,"u":1671547024547,"z":1,"owner":"browser","value":["BO8TNOAExLnLOXnao","nT1qSsloJTUs92WbL","PhqCpq41p387zyd0e","37scHrhbP9q6q7XYw","sPSfOqNeTfdkcYw16","ZF1weGnNS0GhDfp4r","NPNmcTbuOQUSA6xqS","dl9DPIAThVKRnyQTo","YImZAQ4uto4JTSJxD","GIQXxQ2DE3k0yolxW","5QK8wureUXLnZVSa2","bNliV2wIWP3OtDpAq","GqOQHPaiq9DyZG6Km","KijE7F8adq3dLf0JY","amIpxlFsKB5Akjw1L","h91kNXi74lQbv7fnE","kjHFozC5wZVLb3oZi","V3PAp6W9aUDsvPyjf","3vwWnU1eyHgl6iNgy","QF1kwKfn9arxodn4J","yvq4G2EVxsTxw9qTT","3OTWZvSIUiAFT3lpu","rwmgguRVK7urrYUy5","bNliV2wIWP3OtDpAq","GqOQHPaiq9DyZG6Km","KijE7F8adq3dLf0JY","amIpxlFsKB5Akjw1L","nT1qSsloJTUs92WbL","lB9uhjnQ2R0jhntEn","QFTygx6FaLI7NlFCm","nT1qSsloJTUs92WbL","sLZyNAHz7myXLgr5f","4zs7kmm2pPI5SCxSK","9ffTxuCt7jaRgYl5n","7pn34NCzucLYXGRAe","v1CR1GuiA0osZMUXc","E7I16De4kgoCMMbXE","x8lzVkRDK5AwcNUbV","1TRBPmmnLwvNkE1UG","MTr3fydHivtRZZqEE","r7XzubOrH4PU6LVM2","1VfWTmrfyhcyUrPgI","FuEbDR6iTPw6NkFZO","VNN7PakisCWjpLceh","w1KCxU9JefrxCP3f5","7cfxHTUnoWsgHPdEn","QFTygx6FaLI7NlFCm","HecZewCY6uAPJo5tM","ZF1weGnNS0GhDfp4r","k6BpwDkDKMNCiesCS","6JZCQN5KpQl754CjA","wGoVC1Nn6UtsTicEQ","PjvpqEIIGu6tuKy5w","X442QAmj1D8GtGJam","lPopZwbRsv2qZGRoV","3OTWZvSIUiAFT3lpu","VEkPREVpjEghEqNTB","1gP8XMjxjrP1mYOVs","hozDOcQe8bdmDUF1Q","YX2Us9Xt2qUOfOlNs","rwmgguRVK7urrYUy5","mVS8RzXUQ8bniZcXs",null,"cIiKtm8JpjOaxfHGn","GG8CioMLARaumCJet","KijE7F8adq3dLf0JY","n4wQ33DAldl0clwDS","3l92EgQC1cN657NJ2","IxQB9lsXUacFisaS7","WdIhhfPYlUOXBxFJ7","1TRBPmmnLwvNkE1UG","nT1qSsloJTUs92WbL","Ghxq6Zlk2hi8119P0","kZC7iwwIBVmcHR3wK","cirMZFGabovMY2k1B","iWQpODwjphrjKPah4","p0ZIlG420D3qwHMy1","XbJZ2jErkf83Dxu1E","PmPVIyvpiSK8PybTO","QNiDQ81hlX73xkiEP","DnQVVeq37G7bbhjn5","aebS8QKv3cTX5IUcw","NEjO3cOcd6Jtf2Q4W","EI6vKCF1oRDisECFt","wG3vBwtqnsMd9EVh7","GqOQHPaiq9DyZG6Km","wB83EgPVLObEhVc6j","rlQELZf8BWTzuJiA2","eVgc3h4TK1W0yNtnL","yUuM6qpuLXV6i5XL4","WBvEKUOTnvRcuXRzc","7pn34NCzucLYXGRAe"],"value,u":1671547024547}]}