{"version":"1.9.9","remSync":{"_id":"quanta","lastSync":1675883666617,"lastSyncPaginationId":null,"lastSyncFullBatchDoneTime":1675883666617,"lastServerTime":1675883666913,"lastServerFullBatchDoneTime":1675883666913,"lastServerPaginationId":null,"lastServerBatchFull":false},"cardSync":{"_id":"cards","lastSync":1675883666617,"lastSyncPaginationId":null,"lastSyncFullBatchDoneTime":1675883666617,"lastServerTime":1675883666913,"lastServerFullBatchDoneTime":1675883666913,"lastServerPaginationId":null,"lastServerBatchFull":false},"time":1675883670815,"date":"Wed Feb 08 2023 14:14:30 GMT-0500 (Eastern Standard Time)","device":{"userAgent":"Mozilla/5.0 (Macintosh; Intel Mac OS X 10_15_7) AppleWebKit/537.36 (KHTML, like Gecko) RemNote/1.9.9 Chrome/106.0.5249.181 Electron/21.3.0 Safari/537.36","platform":"desktop","serverType":"production","lastTime":1675883670815,"version":"1.9.9"},"user":{"_id":"6333be9d09f487674e3ac6b8","providers":["google"],"createdAt":"2022-09-28T03:25:17.586Z","email":"kurtisang@gmail.com","email_verified":true,"name":"Kurtis Ng","avatar":"https://lh3.googleusercontent.com/a-/ACNPEu9AHgJEPKNoCQWxAoDuDEa6UAYG4bk7nBd-DjOQbw=s96-c","intercomHmacFromUserId":"731d543651d31d8190f87eb3807f3e799251fb11d609df75dca6f5203ead908a","is_education_email":false,"updatedAt":null}}